Model,Accuracy,Precision,Recall,F1,ROC_AUC
Random Forest,0.53,0.5272727272727272,0.58,0.5523809523809524,0.5736
Logistic Regression,0.52,0.5227272727272727,0.46,0.48936170212765956,0.568
CatBoost,0.57,0.5660377358490566,0.6,0.5825242718446602,0.5307999999999999
XGBoost,0.49,0.48936170212765956,0.46,0.4742268041237113,0.46680000000000005
Decision Tree,0.48,0.4888888888888889,0.88,0.6285714285714286,0.46299999999999997
